{"stats":{"minecraft:custom":{"minecraft:mob_kills":58,"minecraft:animals_bred":1,"minecraft:fill_cauldron":3,"minecraft:interact_with_crafting_table":70,"minecraft:bell_ring":5,"minecraft:leave_game":2,"minecraft:time_since_death":327123,"minecraft:climb_one_cm":27399,"minecraft:sprint_one_cm":1147900,"minecraft:walk_one_cm":1689829,"minecraft:drop":78,"minecraft:talked_to_villager":2,"minecraft:play_time":632036,"minecraft:deaths":7,"minecraft:sneak_time":15986,"minecraft:walk_under_water_one_cm":37238,"minecraft:boat_one_cm":825635,"minecraft:jump":4833,"minecraft:walk_on_water_one_cm":71964,"minecraft:total_world_time":632036,"minecraft:interact_with_furnace":37,"minecraft:pot_flower":1,"minecraft:interact_with_grindstone":3,"minecraft:sleep_in_bed":40,"minecraft:time_since_rest":3082,"minecraft:damage_taken":4804,"minecraft:damage_dealt":6821,"minecraft:swim_one_cm":33344,"minecraft:fly_one_cm":783570,"minecraft:open_chest":120,"minecraft:crouch_one_cm":38957,"minecraft:use_cauldron":2,"minecraft:fall_one_cm":114175},"minecraft:dropped":{"minecraft:cooked_beef":2,"minecraft:crafting_table":1,"minecraft:cooked_porkchop":3,"minecraft:feather":1,"minecraft:cobblestone":1,"minecraft:lead":1,"minecraft:leather":1,"minecraft:purple_dye":3,"minecraft:coal":9,"minecraft:stick":2,"minecraft:dirt":27,"minecraft:diorite":27,"minecraft:ink_sac":5,"minecraft:torch":1,"minecraft:cooked_salmon":2,"minecraft:bone_meal":6,"minecraft:dandelion":1,"minecraft:oak_door":1,"minecraft:gravel":44,"minecraft:furnace":2,"minecraft:sugar_cane":1,"minecraft:wheat":2,"minecraft:stone_shovel":1,"minecraft:rotten_flesh":2,"minecraft:cooked_mutton":3,"minecraft:oak_sign":2,"minecraft:carrot":1,"minecraft:lily_of_the_valley":1,"minecraft:andesite":26,"minecraft:purple_bed":5,"minecraft:oak_sapling":6,"minecraft:ladder":2,"minecraft:sandstone":1,"minecraft:glass":1,"minecraft:egg":4},"minecraft:killed_by":{"minecraft:player":3,"minecraft:creeper":1,"minecraft:skeleton":1},"minecraft:mined":{"minecraft:oak_sapling":11,"minecraft:brewing_stand":1,"minecraft:glow_lichen":8,"minecraft:granite":21,"minecraft:grass_block":360,"minecraft:composter":1,"minecraft:oxeye_daisy":1,"minecraft:sandstone":2,"minecraft:hay_block":5,"minecraft:tall_seagrass":4,"minecraft:carrots":3,"minecraft:furnace":2,"minecraft:iron_ore":15,"minecraft:andesite":26,"minecraft:pumpkin":24,"minecraft:azure_bluet":1,"minecraft:peony":9,"minecraft:bell":2,"minecraft:oak_sign":1,"minecraft:potatoes":3,"minecraft:water_cauldron":2,"minecraft:dirt_path":18,"minecraft:oak_stairs":1,"minecraft:stone":192,"minecraft:white_wool":1,"minecraft:lily_of_the_valley":2,"minecraft:dandelion":4,"minecraft:clay":10,"minecraft:oak_fence":44,"minecraft:crafting_table":11,"minecraft:cornflower":9,"minecraft:torch":11,"minecraft:rose_bush":2,"minecraft:poppy":9,"minecraft:chest":7,"minecraft:lectern":1,"minecraft:tall_grass":29,"minecraft:copper_ore":12,"minecraft:cobblestone":27,"minecraft:grindstone":2,"minecraft:sugar_cane":5,"minecraft:oak_planks":3,"minecraft:diorite":9,"minecraft:wall_torch":12,"minecraft:cauldron":2,"minecraft:seagrass":8,"minecraft:birch_planks":3,"minecraft:wheat":12,"minecraft:birch_leaves":3,"minecraft:yellow_bed":3,"minecraft:black_wool":5,"minecraft:grass":133,"minecraft:oak_log":92,"minecraft:coal_ore":69,"minecraft:beetroots":13,"minecraft:oak_fence_gate":3,"minecraft:sand":312,"minecraft:gravel":2,"minecraft:dirt":893,"minecraft:oak_leaves":450},"minecraft:crafted":{"minecraft:brick":3,"minecraft:black_dye":5,"minecraft:wooden_sword":1,"minecraft:oak_planks":264,"minecraft:stone_shovel":12,"minecraft:oak_sign":6,"minecraft:purple_bed":2,"minecraft:cooked_chicken":9,"minecraft:bone_meal":12,"minecraft:pink_dye":2,"minecraft:glass":1,"minecraft:ladder":9,"minecraft:stone_pickaxe":4,"minecraft:chest":3,"minecraft:black_wool":4,"minecraft:stone_hoe":2,"minecraft:oak_fence":95,"minecraft:flower_pot":1,"minecraft:cooked_beef":9,"minecraft:red_dye":6,"minecraft:cooked_porkchop":21,"minecraft:wooden_pickaxe":1,"minecraft:iron_sword":1,"minecraft:cooked_salmon":5,"minecraft:copper_ingot":2,"minecraft:pumpkin_seeds":8,"minecraft:bucket":1,"minecraft:stone_axe":2,"minecraft:orange_dye":2,"minecraft:bread":1,"minecraft:blue_dye":5,"minecraft:oak_boat":1,"minecraft:oak_fence_gate":5,"minecraft:yellow_dye":1,"minecraft:paper":9,"minecraft:purple_dye":4,"minecraft:stick":132,"minecraft:iron_ingot":15,"minecraft:iron_pickaxe":1,"minecraft:stone_sword":3,"minecraft:white_bed":2,"minecraft:torch":52,"minecraft:shears":2},"minecraft:broken":{"minecraft:stone_sword":1,"minecraft:stone_pickaxe":2,"minecraft:stone_shovel":9},"minecraft:picked_up":{"minecraft:iron_chestplate":1,"minecraft:seagrass":20,"minecraft:crafting_table":16,"minecraft:wheat":17,"minecraft:azure_bluet":1,"minecraft:chicken":10,"minecraft:ladder":4,"minecraft:clay_ball":112,"minecraft:lead":16,"minecraft:wooden_pickaxe":2,"minecraft:oak_stairs":1,"minecraft:brewing_stand":1,"minecraft:cooked_salmon":2,"minecraft:cornflower":9,"minecraft:string":4,"minecraft:raw_copper":66,"minecraft:wooden_sword":3,"minecraft:birch_fence":1,"minecraft:oak_sign":3,"minecraft:beetroot":11,"minecraft:bucket":3,"minecraft:beef":15,"minecraft:red_dye":6,"minecraft:oak_boat":19,"minecraft:rose_bush":3,"minecraft:lectern":1,"minecraft:poppy":8,"minecraft:chest":3,"minecraft:sugar_cane":75,"minecraft:birch_sapling":15,"minecraft:furnace":4,"minecraft:egg":17,"minecraft:stick":72,"minecraft:raw_iron":28,"minecraft:sandstone":1,"minecraft:oak_door":2,"minecraft:composter":1,"minecraft:copper_ingot":1,"minecraft:oak_fence":79,"minecraft:torch":51,"minecraft:porkchop":20,"minecraft:diorite":37,"minecraft:carrot":14,"minecraft:cauldron":4,"minecraft:rotten_flesh":35,"minecraft:stone_sword":6,"minecraft:arrow":44,"minecraft:stone_shovel":2,"minecraft:cooked_cod":10,"minecraft:beetroot_seeds":34,"minecraft:peony":12,"minecraft:shears":4,"minecraft:hay_block":5,"minecraft:blue_dye":6,"minecraft:mutton":10,"minecraft:birch_leaves":2,"minecraft:white_wool":21,"minecraft:cobblestone":585,"minecraft:oxeye_daisy":1,"minecraft:birch_log":4,"minecraft:purple_dye":1,"minecraft:feather":15,"minecraft:cooked_beef":3,"minecraft:andesite":26,"minecraft:salmon":8,"minecraft:brown_wool":1,"minecraft:leather":8,"minecraft:potato":10,"minecraft:birch_planks":3,"minecraft:oak_log":182,"minecraft:yellow_bed":3,"minecraft:dirt":1789,"minecraft:cooked_mutton":6,"minecraft:oak_fence_gate":3,"minecraft:bone":11,"minecraft:apple":8,"minecraft:kelp":11,"minecraft:bow":9,"minecraft:grindstone":2,"minecraft:wheat_seeds":108,"minecraft:bell":2,"minecraft:iron_ingot":82,"minecraft:stone_pickaxe":6,"minecraft:cooked_chicken":4,"minecraft:oak_planks":18,"minecraft:glow_lichen":16,"minecraft:cooked_porkchop":4,"minecraft:pumpkin":42,"minecraft:dandelion":5,"minecraft:gravel":74,"minecraft:sand":300,"minecraft:ink_sac":15,"minecraft:lily_of_the_valley":4,"minecraft:spider_eye":1,"minecraft:pumpkin_seeds":3,"minecraft:purple_bed":5,"minecraft:stone_axe":6,"minecraft:granite":23,"minecraft:grass":12,"minecraft:bone_meal":42,"minecraft:oak_sapling":36,"minecraft:black_wool":6,"minecraft:coal":127,"minecraft:oak_leaves":318},"minecraft:used":{"minecraft:beetroot":11,"minecraft:peony":11,"minecraft:oak_fence":139,"minecraft:rose_bush":2,"minecraft:stone_sword":413,"minecraft:stone_shovel":1361,"minecraft:poppy":2,"minecraft:oak_sign":4,"minecraft:grass":12,"minecraft:chest":5,"minecraft:bell":1,"minecraft:iron_sword":38,"minecraft:cooked_salmon":3,"minecraft:stone_hoe":46,"minecraft:cooked_chicken":5,"minecraft:rotten_flesh":1,"minecraft:oak_door":1,"minecraft:torch":74,"minecraft:dirt":1293,"minecraft:lily_of_the_valley":2,"minecraft:wheat":3,"minecraft:azure_bluet":1,"minecraft:carrot":13,"minecraft:glow_lichen":4,"minecraft:granite":8,"minecraft:oak_fence_gate":8,"minecraft:milk_bucket":2,"minecraft:birch_sapling":8,"minecraft:bow":5,"minecraft:oak_sapling":17,"minecraft:cooked_cod":8,"minecraft:beetroot_seeds":33,"minecraft:egg":3,"minecraft:potato":45,"minecraft:cooked_beef":10,"minecraft:seagrass":10,"minecraft:wheat_seeds":43,"minecraft:cooked_mutton":3,"minecraft:water_bucket":32,"minecraft:diorite":10,"minecraft:birch_leaves":2,"minecraft:birch_planks":3,"minecraft:stone_pickaxe":348,"minecraft:oak_planks":7,"minecraft:wooden_pickaxe":24,"minecraft:cauldron":3,"minecraft:composter":1,"minecraft:sugar_cane":62,"minecraft:oak_leaves":317,"minecraft:white_wool":1,"minecraft:sand":18,"minecraft:crafting_table":10,"minecraft:shears":386,"minecraft:pumpkin_seeds":11,"minecraft:birch_fence":1,"minecraft:flower_pot":1,"minecraft:cornflower":3,"minecraft:black_wool":9,"minecraft:apple":6,"minecraft:oxeye_daisy":1,"minecraft:bread":13,"minecraft:iron_pickaxe":40,"minecraft:stone_axe":184,"minecraft:cobblestone":96,"minecraft:purple_bed":2,"minecraft:grindstone":2,"minecraft:cooked_porkchop":19,"minecraft:bucket":32,"minecraft:yellow_bed":2,"minecraft:oak_boat":15,"minecraft:dandelion":3,"minecraft:bone_meal":32},"minecraft:killed":{"minecraft:spider":2,"minecraft:skeleton":3,"minecraft:chicken":10,"minecraft:drowned":1,"minecraft:pig":10,"minecraft:salmon":7,"minecraft:wandering_trader":2,"minecraft:squid":2,"minecraft:sheep":6,"minecraft:zombie":7,"minecraft:enderman":1,"minecraft:cow":5}},"DataVersion":3218}