{"stats":{"minecraft:custom":{"minecraft:interact_with_furnace":21,"minecraft:mob_kills":18,"minecraft:interact_with_crafting_table":21,"minecraft:leave_game":2,"minecraft:time_since_death":120145,"minecraft:sleep_in_bed":11,"minecraft:climb_one_cm":4261,"minecraft:time_since_rest":8782,"minecraft:sprint_one_cm":115120,"minecraft:damage_taken":319,"minecraft:walk_one_cm":335391,"minecraft:drop":12,"minecraft:damage_dealt":1209,"minecraft:swim_one_cm":90189,"minecraft:fly_one_cm":88007,"minecraft:open_chest":74,"minecraft:crouch_one_cm":7354,"minecraft:play_time":120145,"minecraft:sneak_time":4626,"minecraft:walk_under_water_one_cm":23154,"minecraft:jump":1255,"minecraft:walk_on_water_one_cm":66171,"minecraft:total_world_time":120145,"minecraft:fall_one_cm":18260},"minecraft:dropped":{"minecraft:wheat_seeds":1,"minecraft:rotten_flesh":2,"minecraft:iron_chestplate":2,"minecraft:mutton":5,"minecraft:purple_bed":1,"minecraft:bone_meal":4},"minecraft:mined":{"minecraft:deepslate_redstone_ore":1,"minecraft:lily_of_the_valley":2,"minecraft:crafting_table":4,"minecraft:torch":3,"minecraft:granite":28,"minecraft:grass_block":2,"minecraft:copper_ore":61,"minecraft:lapis_ore":3,"minecraft:sugar_cane":274,"minecraft:diorite":6,"minecraft:wall_torch":6,"minecraft:tall_seagrass":1,"minecraft:redstone_ore":3,"minecraft:furnace":1,"minecraft:iron_ore":50,"minecraft:wheat":8,"minecraft:fire":3,"minecraft:andesite":5,"minecraft:birch_leaves":12,"minecraft:yellow_bed":5,"minecraft:grass":11,"minecraft:oak_log":12,"minecraft:coal_ore":74,"minecraft:dirt":6,"minecraft:stone":164,"minecraft:gold_ore":4,"minecraft:oak_leaves":80},"minecraft:crafted":{"minecraft:oak_planks":44,"minecraft:arrow":8,"minecraft:cooked_porkchop":3,"minecraft:crafting_table":1,"minecraft:iron_helmet":1,"minecraft:furnace":1,"minecraft:bone_meal":3,"minecraft:bucket":1,"minecraft:stone_axe":1,"minecraft:raw_copper_block":23,"minecraft:bread":2,"minecraft:cooked_mutton":3,"minecraft:air":0,"minecraft:iron_boots":1,"minecraft:iron_chestplate":3,"minecraft:shield":1,"minecraft:iron_axe":1,"minecraft:stick":32,"minecraft:iron_ingot":50,"minecraft:iron_pickaxe":1,"minecraft:stone_pickaxe":3,"minecraft:iron_leggings":1,"minecraft:torch":64},"minecraft:broken":{"minecraft:stone_pickaxe":2},"minecraft:picked_up":{"minecraft:crafting_table":4,"minecraft:wheat":7,"minecraft:glow_ink_sac":1,"minecraft:andesite":5,"minecraft:salmon":7,"minecraft:leather":2,"minecraft:oak_log":11,"minecraft:yellow_bed":5,"minecraft:gunpowder":1,"minecraft:lapis_lazuli":25,"minecraft:dirt":24,"minecraft:raw_copper":212,"minecraft:cooked_salmon":25,"minecraft:birch_fence":1,"minecraft:bone":2,"minecraft:bow":1,"minecraft:wheat_seeds":22,"minecraft:raw_gold":4,"minecraft:beef":3,"minecraft:sugar_cane":586,"minecraft:chest":1,"minecraft:furnace":1,"minecraft:egg":1,"minecraft:raw_iron":50,"minecraft:stick":4,"minecraft:oak_fence":2,"minecraft:torch":10,"minecraft:dandelion":1,"minecraft:diorite":6,"minecraft:lily_of_the_valley":2,"minecraft:redstone":20,"minecraft:arrow":4,"minecraft:purple_bed":1,"minecraft:rotten_flesh":3,"minecraft:granite":28,"minecraft:bone_meal":2,"minecraft:oak_sapling":4,"minecraft:mutton":8,"minecraft:coal":86,"minecraft:white_wool":3,"minecraft:cobblestone":154},"minecraft:used":{"minecraft:wheat_seeds":8,"minecraft:oak_fence":2,"minecraft:diorite":6,"minecraft:stone_sword":35,"minecraft:stone_pickaxe":343,"minecraft:cooked_salmon":8,"minecraft:sugar_cane":586,"minecraft:white_wool":1,"minecraft:torch":74,"minecraft:dirt":19,"minecraft:lily_of_the_valley":1,"minecraft:crafting_table":4,"minecraft:granite":28,"minecraft:iron_pickaxe":65,"minecraft:iron_helmet":1,"minecraft:iron_boots":1,"minecraft:stone_axe":9,"minecraft:bow":6,"minecraft:cobblestone":68,"minecraft:furnace":1,"minecraft:oak_sapling":4,"minecraft:andesite":2,"minecraft:bucket":1,"minecraft:yellow_bed":4,"minecraft:egg":1},"minecraft:killed":{"minecraft:salmon":9,"minecraft:creeper":1,"minecraft:sheep":2,"minecraft:skeleton":1,"minecraft:zombie":1,"minecraft:glow_squid":1,"minecraft:cow":2}},"DataVersion":3218}