{"stats":{"minecraft:custom":{"minecraft:mob_kills":300,"minecraft:interact_with_crafting_table":120,"minecraft:leave_game":6,"minecraft:time_since_death":236329,"minecraft:climb_one_cm":75420,"minecraft:sprint_one_cm":1666602,"minecraft:walk_one_cm":1523508,"minecraft:drop":233,"minecraft:talked_to_villager":1,"minecraft:play_time":727631,"minecraft:sneak_time":18361,"minecraft:deaths":16,"minecraft:walk_under_water_one_cm":253623,"minecraft:boat_one_cm":189789,"minecraft:jump":9080,"minecraft:walk_on_water_one_cm":238734,"minecraft:total_world_time":727631,"minecraft:interact_with_furnace":144,"minecraft:interact_with_grindstone":2,"minecraft:sleep_in_bed":44,"minecraft:time_since_rest":11591,"minecraft:damage_taken":9472,"minecraft:damage_dealt":18887,"minecraft:player_kills":3,"minecraft:swim_one_cm":627601,"minecraft:fly_one_cm":1606683,"minecraft:open_chest":165,"minecraft:crouch_one_cm":42518,"minecraft:fall_one_cm":212761},"minecraft:dropped":{"minecraft:iron_ingot":32,"minecraft:oak_slab":9,"minecraft:birch_planks":10,"minecraft:porkchop":1,"minecraft:wheat_seeds":6,"minecraft:cooked_beef":3,"minecraft:cooked_porkchop":1,"minecraft:oak_fence":3,"minecraft:cobblestone":157,"minecraft:apple":2,"minecraft:coal":14,"minecraft:stick":31,"minecraft:dirt":198,"minecraft:birch_fence":1,"minecraft:ink_sac":4,"minecraft:torch":3,"minecraft:cooked_cod":9,"minecraft:cooked_salmon":48,"minecraft:wooden_sword":1,"minecraft:bone_meal":5,"minecraft:sand":28,"minecraft:iron_pickaxe":1,"minecraft:string":2,"minecraft:dandelion":1,"minecraft:gravel":15,"minecraft:furnace":1,"minecraft:sugar_cane":295,"minecraft:cooked_chicken":1,"minecraft:stone_sword":3,"minecraft:stone_shovel":2,"minecraft:rotten_flesh":16,"minecraft:oak_planks":7,"minecraft:cooked_mutton":9,"minecraft:pumpkin_seeds":1,"minecraft:carrot":2,"minecraft:lily_of_the_valley":2,"minecraft:ladder":30,"minecraft:sandstone":1,"minecraft:arrow":8,"minecraft:bow":1,"minecraft:stone_pickaxe":2,"minecraft:black_wool":1},"minecraft:killed_by":{"minecraft:enderman":4,"minecraft:drowned":2,"minecraft:skeleton":2,"minecraft:zombie":5},"minecraft:mined":{"minecraft:oak_sapling":11,"minecraft:oak_door":5,"minecraft:ladder":30,"minecraft:glow_lichen":2,"minecraft:granite":30,"minecraft:grass_block":177,"minecraft:sandstone":1,"minecraft:kelp":2,"minecraft:oak_wall_sign":3,"minecraft:tall_seagrass":18,"minecraft:furnace":9,"minecraft:iron_ore":25,"minecraft:andesite":26,"minecraft:pumpkin":1,"minecraft:peony":3,"minecraft:dirt_path":40,"minecraft:stone":480,"minecraft:oak_slab":24,"minecraft:kelp_plant":6,"minecraft:lily_of_the_valley":3,"minecraft:oak_fence":3,"minecraft:crafting_table":5,"minecraft:torch":4,"minecraft:poppy":2,"minecraft:chest":11,"minecraft:copper_ore":22,"minecraft:tall_grass":4,"minecraft:cobblestone":14,"minecraft:glass":3,"minecraft:lapis_ore":10,"minecraft:sugar_cane":771,"minecraft:oak_planks":21,"minecraft:diorite":23,"minecraft:wall_torch":7,"minecraft:birch_sapling":3,"minecraft:seagrass":23,"minecraft:purple_bed":11,"minecraft:birch_log":46,"minecraft:birch_leaves":74,"minecraft:grass":121,"minecraft:oak_log":278,"minecraft:coal_ore":72,"minecraft:beetroots":3,"minecraft:sand":114,"minecraft:gravel":173,"minecraft:dirt":579,"minecraft:oak_leaves":344,"minecraft:birch_fence":6},"minecraft:crafted":{"minecraft:oak_door":3,"minecraft:oak_planks":608,"minecraft:stone_shovel":7,"minecraft:purple_bed":1,"minecraft:cooked_chicken":5,"minecraft:furnace":9,"minecraft:raw_copper_block":4,"minecraft:cooked_mutton":6,"minecraft:glass_pane":16,"minecraft:oak_trapdoor":2,"minecraft:glass":24,"minecraft:ladder":60,"minecraft:birch_fence_gate":1,"minecraft:stone_pickaxe":5,"minecraft:chest":29,"minecraft:stone_hoe":1,"minecraft:oak_fence":15,"minecraft:cooked_beef":9,"minecraft:cooked_cod":44,"minecraft:oak_slab":192,"minecraft:cooked_porkchop":13,"minecraft:crafting_table":4,"minecraft:wooden_pickaxe":2,"minecraft:iron_sword":2,"minecraft:cooked_salmon":184,"minecraft:copper_ingot":46,"minecraft:birch_planks":76,"minecraft:stone_axe":5,"minecraft:air":0,"minecraft:birch_fence":24,"minecraft:stick":264,"minecraft:iron_ingot":25,"minecraft:iron_pickaxe":1,"minecraft:wooden_axe":1,"minecraft:stone_sword":7,"minecraft:white_bed":1,"minecraft:torch":44},"minecraft:broken":{"minecraft:stone_sword":1,"minecraft:wooden_pickaxe":1,"minecraft:stone_pickaxe":4,"minecraft:stone_axe":1,"minecraft:stone_shovel":5},"minecraft:picked_up":{"minecraft:iron_chestplate":1,"minecraft:crafting_table":8,"minecraft:chicken":12,"minecraft:ladder":174,"minecraft:lead":12,"minecraft:wooden_pickaxe":3,"minecraft:string":43,"minecraft:raw_copper":178,"minecraft:cooked_salmon":176,"minecraft:wooden_sword":2,"minecraft:birch_fence":7,"minecraft:glass_pane":13,"minecraft:oak_sign":3,"minecraft:poppy":2,"minecraft:iron_pickaxe":5,"minecraft:sugar_cane":1511,"minecraft:chest":16,"minecraft:birch_sapling":75,"minecraft:furnace":11,"minecraft:egg":3,"minecraft:sandstone":1,"minecraft:stick":207,"minecraft:raw_iron":44,"minecraft:oak_door":5,"minecraft:copper_ingot":22,"minecraft:oak_fence":8,"minecraft:torch":58,"minecraft:porkchop":39,"minecraft:diorite":93,"minecraft:carrot":3,"minecraft:stone_shovel":6,"minecraft:stone_sword":20,"minecraft:arrow":40,"minecraft:rotten_flesh":58,"minecraft:cooked_cod":58,"minecraft:beetroot_seeds":1,"minecraft:peony":3,"minecraft:mutton":2,"minecraft:cod":87,"minecraft:white_wool":5,"minecraft:cobblestone":1038,"minecraft:birch_log":86,"minecraft:purple_dye":2,"minecraft:feather":14,"minecraft:cooked_beef":22,"minecraft:andesite":22,"minecraft:salmon":199,"minecraft:brown_wool":2,"minecraft:leather":12,"minecraft:potato":6,"minecraft:birch_planks":22,"minecraft:flint":27,"minecraft:oak_log":793,"minecraft:gunpowder":6,"minecraft:paper":27,"minecraft:lapis_lazuli":67,"minecraft:dirt":1313,"minecraft:white_banner":1,"minecraft:cooked_mutton":7,"minecraft:glass":7,"minecraft:bone":11,"minecraft:apple":7,"minecraft:kelp":36,"minecraft:bow":1,"minecraft:wheat_seeds":43,"minecraft:iron_ingot":41,"minecraft:stone_pickaxe":11,"minecraft:cooked_chicken":3,"minecraft:iron_sword":1,"minecraft:oak_planks":67,"minecraft:oak_slab":86,"minecraft:cooked_porkchop":13,"minecraft:pumpkin":21,"minecraft:dandelion":2,"minecraft:gravel":336,"minecraft:sand":156,"minecraft:ink_sac":8,"minecraft:grass_block":14,"minecraft:lily_of_the_valley":17,"minecraft:spider_eye":6,"minecraft:pumpkin_seeds":3,"minecraft:purple_bed":11,"minecraft:stone_axe":9,"minecraft:crossbow":1,"minecraft:granite":39,"minecraft:bone_meal":66,"minecraft:oak_sapling":178,"minecraft:black_wool":1,"minecraft:coal":500,"minecraft:oak_leaves":45,"minecraft:ender_pearl":4},"minecraft:used":{"minecraft:oak_trapdoor":1,"minecraft:oak_fence":13,"minecraft:peony":3,"minecraft:stone_sword":565,"minecraft:stone_shovel":768,"minecraft:ladder":70,"minecraft:oak_sign":5,"minecraft:chest":40,"minecraft:iron_sword":294,"minecraft:stone_hoe":5,"minecraft:cooked_salmon":66,"minecraft:cooked_chicken":4,"minecraft:oak_door":7,"minecraft:torch":28,"minecraft:dirt":647,"minecraft:lily_of_the_valley":3,"minecraft:granite":2,"minecraft:glass":4,"minecraft:wooden_axe":37,"minecraft:grass_block":3,"minecraft:birch_sapling":12,"minecraft:oak_sapling":59,"minecraft:furnace":18,"minecraft:cooked_cod":21,"minecraft:beetroot_seeds":1,"minecraft:egg":3,"minecraft:cooked_beef":6,"minecraft:potato":2,"minecraft:wheat_seeds":13,"minecraft:cooked_mutton":3,"minecraft:diorite":4,"minecraft:lead":2,"minecraft:stone_pickaxe":546,"minecraft:oak_planks":87,"minecraft:wooden_pickaxe":64,"minecraft:sugar_cane":884,"minecraft:sand":55,"minecraft:oak_slab":177,"minecraft:crafting_table":7,"minecraft:pumpkin_seeds":2,"minecraft:birch_fence":29,"minecraft:oak_log":52,"minecraft:apple":5,"minecraft:birch_fence_gate":1,"minecraft:iron_pickaxe":122,"minecraft:gravel":2,"minecraft:stone_axe":336,"minecraft:wooden_sword":48,"minecraft:purple_bed":12,"minecraft:cobblestone":66,"minecraft:porkchop":1,"minecraft:cooked_porkchop":12,"minecraft:glass_pane":3,"minecraft:yellow_bed":1,"minecraft:bone_meal":16,"minecraft:kelp":8},"minecraft:killed":{"minecraft:witch":1,"minecraft:spider":4,"minecraft:cod":44,"minecraft:skeleton":8,"minecraft:chicken":4,"minecraft:drowned":1,"minecraft:pig":9,"minecraft:salmon":197,"minecraft:squid":2,"minecraft:pillager":2,"minecraft:zombie":22,"minecraft:enderman":5}},"DataVersion":3218}